{
    "core" : {
        "programmable" : {
            "EventCode":   {"Config": 0, "Position": 0, "Width": 8},
            "UMask":       {"Config": 0, "Position": 8, "Width": 8},
            "User":        {"Config": 0, "Position": 16, "Width": 1, "DefaultValue": 1},
            "OS":          {"Config": 0, "Position": 17, "Width": 1, "DefaultValue": 1},
            "EdgeDetect":  {"Config": 0, "Position": 18, "Width": 1},
            "PinControl":  {"Config": 0, "Position": 19, "Width": 1, "DefaultValue": 0},
            "APICInt":     {"Config": 0, "Position": 20, "Width": 1, "DefaultValue": 0},
            "Enable":      {"Config": 0, "Position": 22, "Width": 1, "DefaultValue": 1},
            "Invert":      {"Config": 0, "Position": 23, "Width": 1},
            "CounterMask": {"Config": 0, "Position": 24, "Width": 8},
            "MSRIndex": {
                "0x1a6" : {"Config": 1, "Position": 0, "Width": 64},
                "0x1a7" : {"Config": 2, "Position": 0, "Width": 64},
                "0x3f6" : {"Config": 3, "Position": 0, "Width": 64},
                "0x3f7" : {"Config": 4, "Position": 0, "Width": 64}
            }
        },
        "fixed0" : {
            "OS":          {"Config": 0, "Position": 0, "Width": 1, "DefaultValue": 1},
            "User":        {"Config": 0, "Position": 1, "Width": 1, "DefaultValue": 1},
            "EnablePMI":   {"Config": 0, "Position": 3, "Width": 1, "DefaultValue": 0},
            "EventCode":   {"Config": 0, "Position": -1, "__comment": "position=-1 means field ignored"},
            "UMask":       {"Config": 0, "Position": -1, "__comment": "position=-1 means field ignored"},
            "EdgeDetect":  {"Config": 0, "Position": -1, "__comment": "position=-1 means field ignored"},
            "Invert":      {"Config": 0, "Position": -1, "__comment": "position=-1 means field ignored"},
            "CounterMask": {"Config": 0, "Position": -1, "__comment": "position=-1 means field ignored"}
        },
        "fixed1" : {
            "OS":          {"Config": 0, "Position": 4, "Width": 1, "DefaultValue": 1},
            "User":        {"Config": 0, "Position": 5, "Width": 1, "DefaultValue": 1},
            "EnablePMI":   {"Config": 0, "Position": 7, "Width": 1, "DefaultValue": 0},
            "EventCode":   {"Config": 0, "Position": -1, "__comment": "position=-1 means field ignored"},
            "UMask":       {"Config": 0, "Position": -1, "__comment": "position=-1 means field ignored"},
            "EdgeDetect":  {"Config": 0, "Position": -1, "__comment": "position=-1 means field ignored"},
            "Invert":      {"Config": 0, "Position": -1, "__comment": "position=-1 means field ignored"},
            "CounterMask": {"Config": 0, "Position": -1, "__comment": "position=-1 means field ignored"}
        },
        "fixed2" : {
            "OS":          {"Config": 0, "Position": 8, "Width": 1, "DefaultValue": 1},
            "User":        {"Config": 0, "Position": 9, "Width": 1, "DefaultValue": 1},
            "EnablePMI":   {"Config": 0, "Position": 11, "Width": 1, "DefaultValue": 0},
            "EventCode":   {"Config": 0, "Position": -1, "__comment": "position=-1 means field ignored"},
            "UMask":       {"Config": 0, "Position": -1, "__comment": "position=-1 means field ignored"},
            "EdgeDetect":  {"Config": 0, "Position": -1, "__comment": "position=-1 means field ignored"},
            "Invert":      {"Config": 0, "Position": -1, "__comment": "position=-1 means field ignored"},
            "CounterMask": {"Config": 0, "Position": -1, "__comment": "position=-1 means field ignored"}
        }
    },
    "cha" : {
        "programmable" : {
            "EventCode":   {"Config": 0, "Position": 0, "Width": 8},
            "UMask":       {"Config": 0, "Position": 8, "Width": 8},
            "EdgeDetect":  {"Config": 0, "Position": 18, "Width": 1, "DefaultValue": 0},
            "Threshold":   {"Config": 0, "Position": 24, "Width": 8, "DefaultValue": 0},
            "UMaskExt":    {"Config": 0, "Position": 32, "Width": 26}
        }
    },
    "imc" : {
        "programmable" : {
            "EventCode":   {"Config": 0, "Position": 0, "Width": 8},
            "UMask":       {"Config": 0, "Position": 8, "Width": 8},
            "EdgeDetect":  {"Config": 0, "Position": 18, "Width": 1, "DefaultValue": 0},
            "Threshold":   {"Config": 0, "Position": 24, "Width": 8, "DefaultValue": 0}
        }
    },
    "m2m" : {
        "programmable" : {
            "EventCode":   {"Config": 0, "Position": 0, "Width": 8},
            "UMask":       {"Config": 0, "Position": 8, "Width": 8},
            "EdgeDetect":  {"Config": 0, "Position": 18, "Width": 1, "DefaultValue": 0},
            "Threshold":   {"Config": 0, "Position": 24, "Width": 8, "DefaultValue": 0},
            "UMaskExt":    {"Config": 0, "Position": 32, "Width": 8}
        }
    },
    "irp" : {
        "programmable" : {
            "EventCode":   {"Config": 0, "Position": 0, "Width": 8},
            "UMask":       {"Config": 0, "Position": 8, "Width": 8},
            "EdgeDetect":  {"Config": 0, "Position": 18, "Width": 1, "DefaultValue": 0},
            "Threshold":   {"Config": 0, "Position": 24, "Width": 8, "DefaultValue": 0}
        }
    },
    "pcu" : {
        "programmable" : {
            "EventCode":   {"Config": 0, "Position": 0, "Width": 8},
            "UMask":       {"Config": 0, "Position": 8, "Width": 8},
            "EdgeDetect":  {"Config": 0, "Position": 18, "Width": 1, "DefaultValue": 0}
        }
    },
    "iio" : {
        "programmable" : {
            "EventCode":   {"Config": 0, "Position": 0, "Width": 8},
            "UMask":       {"Config": 0, "Position": 8, "Width": 8},
            "EdgeDetect":  {"Config": 0, "Position": 18, "Width": 1, "DefaultValue": 0},
            "Threshold":   {"Config": 0, "Position": 24, "Width": 12, "DefaultValue": 0},
            "PortMask":    {"Config": 0, "Position": 36, "Width": 12},
            "FCMask":      {"Config": 0, "Position": 48, "Width": 3}
        }
    }
}
